PCA1,PCA2,Cluster
-2.8437320347174495,0.7138782755106545,0
-2.8675806200254343,0.7282066237241437,0
-2.7835733154514166,0.393165906116789,2
-2.8943573561707003,-0.11081159475495858,2
-2.790143399095363,0.40717966577982706,0
-2.823607749052986,1.9644901653430291,0
-2.8285996177077872,0.9421450672530649,2
-2.850494765766187,-2.2678056222700222,2
-2.7736008216889534,-0.9412956339322058,0
-2.6312172784828025,0.5093341492607167,2
-2.592319211754574,2.263388627546349,0
-2.7014435560861347,-0.8560124138147661,2
-2.522984324022698,0.5556540428616822,2
-2.5511463847240203,1.222783679026946,0
-2.5030628871735923,0.8428573508710245,0
-2.5810536276288367,0.5549980824986863,2
-2.4832067995637415,-1.3428598511051866,2
-2.441106351351252,0.7282263629109215,0
-2.4230660112806612,2.4622737369757726,0
-2.6428405044924803,0.7184589575544545,0
-2.3914788760140255,-0.15700892603480765,0
-2.407371527607914,0.2534729131035781,2
-2.4476889397214414,1.1651222938317394,0
-2.3613496639658544,0.536820021860834,0
-2.2826947053444253,-1.1112097104800895,2
-2.321984742795693,-0.6532453497428276,0
-2.301261096318151,0.7734336102335175,0
-2.2874014286255235,1.2877452762149963,0
-2.724442208088129,-0.2897327480117414,0
-2.047010361921854,2.0840166238920923,0
-2.1631684617451166,0.17763665171361875,2
-2.1429181373651773,-1.740094425077087,2
-2.395008582862081,0.401983227259416,0
-2.0312947277658457,-0.46633150440931864,0
-2.425280114502413,-0.9455476192733145,0
-2.537470525494747,-0.1585026820307419,0
-2.3115986737580188,2.452356016921657,0
-2.286347710756541,-2.476420728584463,2
-2.1506012643902985,0.3354145442364929,0
-2.399464648963922,0.2622567358989834,2
-2.2763547300305667,1.0809193839312337,0
-2.3488306529886445,-0.8235391926818496,0
-2.4202880123750137,-0.7337349728997467,2
-2.1664671467405876,0.5143027227585676,0
-2.2616353479940945,-0.5381381420729849,0
-1.9580281539038553,0.34695716377077757,0
-2.251540263000458,-0.4424810348706484,2
-1.931675063804729,0.6467511741253824,0
-2.1294142911043643,-0.3806342275431325,2
-1.8613432172384918,-0.8145013679054818,0
-1.8201160089813608,1.186680929855723,2
-1.935026694257765,-0.4868222765632062,2
-2.4224527213681473,0.45836369131111493,0
-1.9138690865197043,-2.0982476829591588,2
-2.370692897898822,0.8939543143382686,0
-2.3720937347305195,1.1559527449985902,0
-1.9076279320308602,2.203969947219178,0
-2.2547769669287465,1.259326427016649,0
-1.863670810340396,-1.901375695707169,0
-1.826600670441243,1.1616965019981453,2
-1.7888599021858966,1.298748078871933,2
-2.072321998565072,-0.6257421223958304,2
-2.481517147401922,1.0102209100542296,0
-2.470106924524513,1.2671663775241542,0
-1.8420193086480279,-1.2578826246696873,2
-2.0824839725843147,0.7100444257988691,0
-1.5796610914764329,0.8424013522592815,0
-2.071298484308848,0.19936138515713214,0
-1.9565913263010868,-0.9616928956848169,0
-1.728775331536118,1.2630991989123708,0
-2.3964069850134626,0.34820126793461176,0
-1.6091899416298745,-1.6193594482594778,2
-1.8802181705629804,-0.8112750578351058,2
-1.6466094949583168,-1.1160113779662277,2
-1.590436538036676,-0.6871802440425799,2
-1.4912388847977103,1.6428734610180302,0
-1.5342035840732111,0.16847792842184545,2
-2.0795221667980526,-0.4062385910481189,0
-1.5328488402650375,-1.247115593765354,2
-2.3102525768782427,0.5280351000964896,0
-1.50605672650654,-0.45499213390139515,2
-1.7571325654057133,-0.192046760698268,2
-2.248132240462732,0.5777241452210811,0
-1.5666588042251022,-1.4425062705642715,2
-1.559321898979849,0.2846562343756877,0
-1.561809308274924,0.09450777921650523,0
-2.318374987283819,-1.3234316645474626,0
-1.5108929404807638,1.0878409979919115,0
-2.046133595699353,-0.5488863690714417,2
-2.320758196918035,0.7751630127845078,0
-2.2082904255364824,0.08026166239061287,0
-1.4194878991897393,-0.3895939130228955,2
-1.4845591146455632,0.33054209878946067,0
-2.382979214801971,-0.03452878974417625,0
-1.3642941929561878,0.0629388763754279,2
-2.10875367979586,-0.8882106560958009,2
-1.6160493435649856,-0.5458735527025602,2
-1.1404161881835084,0.581044112235416,0
-2.049932589704034,0.6475864497709335,0
-1.1108534394289429,-1.7218717068700922,2
-1.4531576201893095,-0.07208551015695418,2
-1.3136456917429977,0.6203873811894053,2
-1.435384298968591,-0.06123537922739565,2
-1.6008275314602631,0.2974078123569547,2
-1.3968345675129359,-0.38747517229618816,2
-1.5939645242593357,1.093021527024599,0
-1.1099983900513466,-1.8922020234847836,0
-1.5313421217594558,-0.5713685054641514,2
-1.4383079410376038,1.1965243310424407,0
-1.4227894199223092,2.0609584159300267,0
-2.229026959786581,-0.046508141173752404,0
-1.2217439248870217,1.754196203664748,0
-1.4564535630481954,0.019664606626415684,0
-2.3913102046242245,-0.8629281525539372,0
-2.1268106845889783,0.5873484865834513,0
-1.5313010545469468,-1.024652623210458,0
-1.3129367050964855,-2.043667465335149,2
-1.5810833487362064,-1.2600458249091582,2
-1.4873187496583922,-0.07243540177713359,2
-1.053468190135911,1.2106946228293922,0
-1.8137393120329999,0.996956052045654,0
-1.5606865774594103,0.27993059306448737,0
-1.3143574049035442,-1.433478179073621,2
-2.2110885508094515,-2.4957957967827253,2
-1.6475758889247265,-1.7183579359512757,0
-1.6083653915588976,-0.17904103495476065,0
-1.106826330968082,-0.681629983438842,0
-1.0261998026074266,-0.7730938091421655,0
-1.3282876726802164,-0.19710883786608702,2
-1.7444327717061643,-0.7694549398576701,2
-0.7984671482212788,0.8358099879221963,0
-0.8477525760360148,0.8187432725937479,0
-1.2891861175963104,1.1831698341125243,0
-1.8716381564414777,-3.5478417380143132,2
-1.2107072351205135,-1.5620314611456994,2
-1.5372083360049005,-1.8151236172085008,2
-2.223901915156452,-2.7108219641132822,0
-1.0862011529850137,-0.5655555253962714,2
-1.8795406192143715,0.2537043765848321,0
-1.6172151055375397,-0.32704654196251204,2
-1.2707622241156258,0.41263166046141864,0
-1.1710553881129329,0.5533700280239103,0
-1.0850879393429413,1.313682323176073,0
-0.8378293516023071,0.9575095899171703,0
-1.3727934539948563,-0.8625976496746838,2
-1.6980355171393815,0.3435047290352614,2
-1.6499018013624536,-0.09335458443392718,2
-1.341734173774492,0.4159166274036183,2
-2.2019453940910507,-2.2475939194535153,2
-0.9545539404820305,-0.45812766655917514,2
-1.1332905322932594,-0.5571128174722836,0
-1.5227960069551476,-0.392799692250996,2
-1.0902901944803338,0.9363498838723305,0
-2.2385143503364966,-0.4583828482895902,2
-1.3042317234474756,0.6323783560411025,0
-1.8996621906893227,1.195006839336046,0
-1.549705014260565,0.3263348738725687,0
-1.3634334802311392,0.01423349405241092,0
-2.1410069168168993,-0.5566418958408412,2
-1.2337037917243523,0.2435533178573548,0
-1.177611104954242,0.3776188796942428,0
-1.6158637774152373,1.0126297126958097,0
-1.6158637774152373,1.0126297126958097,0
-1.573153429705038,0.09984239009699147,2
-2.1279656968721614,1.697779008271592,0
-0.27266754200012927,0.8497978774694287,0
-1.748979141993548,-0.8469376634588853,0
-2.1314433196717713,-0.23688085920650007,0
-1.408402157024045,-0.8608084024055016,0
-1.2756366470621217,0.076479875455544,0
-1.4713975140956719,1.3145120221871078,0
-0.42619013506132014,0.11827842002517479,0
-1.6926773116184963,-0.11775595914475431,0
-1.3266736745857837,1.2036974764313182,0
-1.0369955184536994,1.0758118996115789,0
-0.6868538885204907,0.18788827533059493,2
-1.3900345376047336,1.511120953339569,0
-1.5150718136588306,-1.3326402207095,2
-1.5385968132265957,1.2454200179201638,0
-1.6781713682228563,-0.4692389654471619,2
-1.1715105964873824,0.8913026414032359,0
-0.3986571739846173,1.325201914858846,0
-0.25435474522399815,0.2993586071018698,0
-0.6270442892051208,-0.45175831380257825,0
-1.424031923975938,0.13324533646355322,0
0.16787531722610938,0.36158198493622323,0
-2.3821354198749844,-0.04044465372222012,0
-2.1503547234516907,0.17656075811015068,2
-1.7920853418373515,0.13012952076323533,0
-1.5835633018043629,-0.3921532446157705,2
-1.6037703142298674,-0.5103548885717406,2
-1.6868062813737261,0.9463002775729611,0
-0.9787698021753444,-1.335270448056814,2
-1.5437071636635062,-0.2793480055648483,2
-1.8412603025864676,-0.06185358950978083,0
-0.9774581979429907,0.9528449092112261,0
-1.0474307965527496,0.46460587927752467,0
-1.1175659190632068,0.2562766444134342,0
-1.4876350661111706,1.1572874166542972,2
-1.0596634355874732,0.6435017673731589,0
-1.5781458438442206,-0.07083350877818204,2
-1.5535183334378309,0.015825340937715596,0
-1.3128857935180072,-0.8006743175401055,0
-1.5030267666136539,-0.17168567653583808,0
-0.8450667575692608,-1.0085925453519569,2
-0.9166409662160304,-0.0319850713688757,0
-0.6004365188045301,-1.0649131471110067,2
-1.5009386495432762,-0.3860938772091884,2
-2.0800751896619807,-1.1344069462004194,2
-1.0849233647418197,0.514493047499543,0
-0.9873764150950144,0.4391426013700244,2
-0.9873764150950144,0.4391426013700244,2
-1.5457605195385058,-0.6267716265046674,0
-1.8387672723957544,-0.36074512190766095,0
-1.2969557701595475,1.1027397328964532,2
-1.4983327420080232,-2.5373859483896055,0
-1.767312944525454,-2.0022918711674533,2
-1.5608467021939043,-0.4230744544867419,0
-1.415357667903079,0.5723146355395716,0
-0.6144506572990621,-0.06611355279146161,2
-1.5529893010262557,-1.327509651892578,2
-0.9088194776875338,-0.38012385725822745,2
-0.517159412101607,0.31190597733413744,0
-1.0041158346284662,0.1423986507734349,2
-1.5140693141616448,-0.1737058514255032,0
-0.79565169653089,0.5474735695145359,2
-1.162649246257602,-0.3175888907638,2
-1.3859103363813061,-0.5776419208743026,2
-1.652885056050699,0.3052445232018792,0
-2.2299417930649335,0.9418185814868462,0
-0.06613661047847834,-1.4715427024110843,2
-0.7725294318794534,1.1680042001416453,0
-1.6826357070071694,-1.8896659642460754,2
-2.060426572479849,0.1610819713328711,2
-0.26650692322643676,0.4716958719195301,0
-1.352363702401463,-1.7586162723039835,2
-1.7653351567895768,0.4968653175294984,0
-2.096728744715129,-1.0472955672153437,0
-1.2521216892710918,0.6369502385087116,0
-1.6146678512426378,0.3228433649747748,0
-1.7927345108873471,0.9532084082301345,0
-1.6759242002333092,0.821911659243403,0
-0.38592302221209884,0.5674984351471665,0
-1.2296578651702423,-0.2344221605120035,0
-0.7437513974462899,1.5361884357171551,0
-1.587254340246053,0.8325269564114589,2
-1.6198315921170974,0.31093932882966874,0
-2.201487439608159,-1.9466120839741308,2
-1.283647063341177,0.9437062024314654,0
-0.6078271147247931,-1.5906504846520086,0
-2.0800154493618663,-0.3660547786647743,0
-1.1479483606714915,-1.6719985047773103,2
-1.5469010123766274,1.4750042655795108,0
-1.6479791711686993,1.3108296906570707,0
-1.7749128719243814,0.5570083518772229,0
-2.031451317034091,0.48792523216543976,2
-0.7343470552864937,0.5739273256409845,0
-0.8271866009432406,0.5517840887991176,0
-1.5429147305985444,-1.0557225196145497,0
-1.526955298980698,-1.3667375747362192,0
-0.599581096847177,0.38091333999923527,0
0.13107533479895198,-0.35549669185862603,2
-1.3398307461091357,0.9852915315217783,0
-0.5135427055582577,1.248079295898219,0
-0.16502923502285555,-2.4156291868497397,2
-1.2832290765424008,-0.13415082168878523,0
0.01979306225941594,0.12005900370866752,2
-1.6219747633451542,-1.4288881113491856,0
-1.3263930238035102,-0.3214223595788919,0
-0.7424223301968932,-0.15851772309707088,0
-0.9735677750305962,0.10758094647436106,2
-0.5063793600108046,-0.8861484218270211,2
-1.1844026226667732,-0.5179104132673867,2
-1.5104599485867707,-0.38456812845791716,2
-0.5062568026571808,0.9700761416567756,0
-1.363061334485178,0.27414384379328743,0
-1.5590147539000057,-0.36694810714446235,0
0.3268043719343519,0.27193881141638027,2
-1.5655224620881942,0.48766238945199725,0
-1.1757145755754852,0.8162260851276097,0
-0.9703315085263555,-0.6845151970105154,2
-0.7002180771507888,0.0906936608564642,2
-2.0145842277582546,0.2494966731437441,0
-1.8964874327292272,0.9440342484745088,0
-0.5915226691596827,-2.1864858894013777,2
-2.031245600801942,0.8547274494477157,2
-0.6917572615855121,-0.5731338792928622,0
-1.5579179455383065,0.3517083967473498,2
-1.3037613430381705,-0.7250036954560681,2
-1.785100218380908,-0.6261548057367272,0
-1.946452903258217,1.1937578458728988,0
-0.8659810735674915,-1.1332577318317767,0
-0.9906516395695137,0.012593740443312134,0
-0.45077144450332113,-1.254662194030564,2
-0.031363107320875265,-1.4510170460722864,0
-0.654687647727287,-0.21644539504743637,2
-1.4268141232951925,-1.697038990627794,2
-1.6091853051806015,-0.3381757027472444,2
-0.8538667308163579,0.1998092855205621,0
0.47979187977874527,0.1468780133972875,0
-0.8396944718259429,-0.026039340782203286,2
-0.0975858866375305,-1.0458041526251196,2
-0.3848952621683532,-0.23350943939401278,0
-0.9455363799741779,-2.4290768434761105,2
-0.038399154525470595,-0.28972044215469145,0
-1.5794117017377654,1.4412852712810504,0
-0.7269310879817045,-1.465017145612037,2
-0.1897743513944014,0.900086269696337,0
-1.749780801317618,-0.6215951459133331,0
-0.44980774666720924,0.7274129316671141,2
-0.599644764131258,0.5506224528042077,2
-0.8525552016207012,0.2565698964900587,0
-0.5275098348630416,-1.0242683075928825,2
-1.0983055218449809,0.7486788797789786,0
-1.845831151108592,0.11050736945677063,2
-0.7949631421070904,2.1896681459925156,0
-2.0539094768285935,1.5659332750208013,0
-1.7357980653717517,-0.3423198255959142,2
-0.4237767355711983,0.742961800095692,0
-0.42879603894406043,-0.47321584270235556,0
-1.9868735381300162,1.1967851382781378,0
-2.0547194598387284,-1.3450164357847185,0
-1.1774316723813325,1.3641259040626728,0
-2.16584646456502,-0.12780622985159495,0
-1.0444467005656162,-0.5114092712283096,2
-1.4861180540588308,0.5930616165107317,2
-0.9713546883246038,0.7558760621222408,0
-1.3005197614453874,-1.7700798370608315,0
-1.3005197614453874,-1.7700798370608315,0
-1.9584912219593997,-0.1713054710320253,0
-0.6967299344153389,0.7366411518893762,0
-0.21525309438184365,0.5403121109066511,0
-0.39304977579606,0.07417145659378345,0
-0.34587899250023024,0.48123590814230105,0
-0.21828367330493798,-0.06323018809728144,0
-0.6606228018229631,-2.4011859408921667,2
-0.046998632705435424,-1.792424297369408,0
-1.3898006027275505,-2.081468285652171,2
-1.2225558067535112,1.4959740475623644,0
-1.3078582160560557,0.03398501880200583,2
0.23647112587281374,-0.12282184308949609,2
-0.289405562745923,0.7877382037594636,0
0.21456634155678975,0.8172605421338986,0
-1.1378372985746161,1.6154672788877613,0
-0.5538728928031235,-1.1615126778031266,0
-0.23825354984630648,-0.6693405480820557,0
-0.2650276910095154,1.007939302513429,0
-1.4307936704098796,0.7001444518064058,0
-1.9736191118094202,0.9900799161787789,0
-1.8668518652955677,0.3631524901536629,0
-0.8720274252111971,-0.3124874981492237,2
-0.5673333235188138,0.4960967937457962,0
-1.1727496015568588,-1.4389526478874577,0
-0.06454969858279076,0.01946885104522103,0
-0.45617436630292985,-0.4557989303239778,0
-1.5511955892755356,1.1271786278541058,0
-2.0040176868913897,1.094525002822716,2
-2.02671588631796,0.67629108704324,0
-0.5179352072850899,-1.982840594674829,0
-1.3189692722919846,1.250473236744195,0
-0.7784826946375444,-0.4239795678104715,0
-0.9069294619867325,-1.0773685794505266,2
-0.27516033378749216,1.306998070814174,0
-1.2889413602126112,-1.409136035602406,2
0.11152336785802083,-0.4685827829088701,2
-1.6136072921399707,0.3493972010335838,2
-0.3413777324246662,-0.7673551046640084,0
-0.21429847380599698,0.25197380884863735,0
-1.0488458999528198,-0.43434886578328474,0
-0.5638004632889273,-0.5068641101526303,0
-0.3158176245136639,1.4863424885871352,0
-0.5673528754470702,0.3035904470342433,0
-0.5125414087689623,-0.6593135736796433,2
0.248231981293286,-0.09742313129653776,2
-1.048632598494748,1.381629293306788,0
-1.3860007670184344,-0.5911002706453116,0
-2.124531413324287,-0.5022688574252129,0
-1.3617043753760234,1.716550549432871,0
0.15086666329968731,0.878074493545206,2
-0.4181186081803138,-0.6543305431810209,0
-1.2881757943512289,-0.7066501806420863,2
-0.642899970649243,-1.766589052286241,2
-0.4451567664365631,1.6862868377771818,0
-1.4482872658099775,-0.8171503780466353,0
-0.20307107210634923,0.4433748514563842,0
-0.5735874112078039,-0.12573485520935954,0
-0.16512243173280744,-0.6245820321127843,2
-2.1557287307919095,-1.3258968300680745,2
-0.23322230979560882,0.5608513934864705,0
-1.3089435955981334,-2.578474275606347,2
-0.47370712853714786,-0.29432895676795956,0
-1.9210911711865197,1.0488553056307863,0
-0.2658593399394301,0.10803521490094127,0
-0.2887622971654045,-0.8825445500517682,2
-1.4097556100743165,-0.8188317974293206,2
-1.123008882495267,-0.13307812680784273,0
-1.0687546626021427,0.8010299970923084,0
-0.035820597344359564,0.28152442412925355,2
-1.1450546851518026,0.2374172075525724,0
-0.3565621349742321,-1.2604327224364078,2
-1.7513799837772455,0.32403936241526526,0
-0.289613367472929,-1.1869821230483193,2
-1.0258286926346765,0.30671299055306817,0
-0.8185256644989873,0.3494804543173169,2
-1.7165597156835162,-1.3663199848193708,0
-0.06399296235173424,0.6370919446239188,0
0.09646896085209587,0.4487151411532197,0
0.02560667919546442,-0.7396196808453285,0
-1.6837491441049144,0.5509397170153982,0
0.02527527186125741,-1.387354592198845,2
-1.5037050131750742,1.7397732823846346,0
0.7417999997424525,1.504641896201359,0
-0.3122401043447635,-1.2474192888536768,2
-0.45595909904718473,0.9735645937634224,2
0.003718206378206913,-0.7083560070518699,0
-1.002973332828613,-1.7481883686812867,2
-0.2863898706644606,0.2650413103366597,2
-1.0776638887149859,0.36595318526163,0
-0.6220199264011783,0.8828426014156121,2
-0.27975263644294596,-0.8432920543590329,0
-0.34364641594616796,-1.5313475388777007,0
-1.5648690167471493,0.7964095142164647,0
-1.2908694327986514,1.3022958754668992,0
-1.688096293351678,-0.6284010035212241,0
-1.7807732923783486,-0.994894266207944,0
-0.7103555695088727,-0.23071925776689045,0
-0.11872040520125414,-0.11785849410585912,0
0.18821646623511898,0.28695673598582183,0
-1.6417602696424078,2.4187668138146967,0
-1.7532804758875575,1.4127013350785476,0
-0.21658623193216697,-0.9736796561534683,0
-2.057109819100385,0.34334906401533294,2
0.35833403082147375,0.7143082481746921,2
-2.049522065712036,0.635647008256268,2
0.7292166710278415,-0.7557752004496696,2
-0.05922615937391572,1.0607194660560153,0
-1.3032785686691863,1.050802949759727,0
-1.308841250733415,-1.815125062043016,2
-0.8957702356899188,-0.7297615695666082,0
-0.6455045386113126,1.6872917620331973,0
-0.29647283017981874,-0.5960935578344704,2
-1.1561056258768905,1.2107308386924487,2
-0.7666941473869416,-1.3485938350890139,0
-0.6273897216542513,-0.3207691544978326,2
-0.6432228601541374,-1.006818246392074,2
0.06950573198515346,-2.0877757302551117,2
-0.3895649156355364,0.05880477517317704,2
-1.7867179989523325,0.6960426576844164,0
-0.4272147494698066,-0.8340509266212501,2
-0.6838853596510649,0.004785499865584471,0
-1.483259684802582,-1.2066628687346774,2
-1.4017109990439034,2.097897826658702,0
-0.31894270628095206,1.7445955771171293,0
-0.2802295261353077,-1.8956419114466792,2
-2.0917933223493614,0.9287878563080425,0
0.6291985496489483,1.1965890406292015,0
-1.6488845401831962,-0.16085823853226677,2
0.1527200910118547,0.6289466413244562,2
0.1527200910118547,0.6289466413244562,2
-0.8856190847385363,-0.0022470375015450333,0
-0.9874918807924988,-1.0330122396140355,2
-0.38873635942322515,-0.09234460480026055,2
-0.317299166537961,-0.34556188379760533,2
-0.1449694082052524,0.6009010901222213,2
-0.06825940921384044,0.031021130454775798,2
-1.8111073647502027,1.7469173124948014,0
-0.7124232426680027,0.8223137900246024,2
-0.5452674081776678,1.4239109256149327,0
-0.003806955368212024,-0.312795131407251,2
-1.0157865432197584,0.47728645269092146,0
0.8737170261142874,-0.09436489282651846,0
-1.1273920518655935,0.8594824930195342,0
-1.3963614266195041,-0.6048316150432573,0
-1.3070922237070728,-0.9951395549101775,0
-1.2713572160627085,-1.633295661835991,2
-0.9451415599957582,1.6658936606828991,0
0.19467907206460863,-0.058306188621337705,0
0.184631826826476,0.6045810549948816,0
-0.5196308749464874,-1.3405643995591339,2
-0.8621599323436924,0.9688640698471028,0
-1.0510430460687685,0.630326322042991,0
-0.7466890960571648,-1.7599799061635693,2
-0.2633533153126867,-0.48811181449922875,0
0.1632624823801368,0.45856830746212884,0
-0.2644925770766285,-1.7769519149263124,2
0.4240788657689848,0.6064206827136295,0
-0.8834824864319373,-1.5725439137349095,2
-0.7148279782574355,-0.5611210952075505,0
-1.5451313187598512,0.9890985874368674,0
-0.11128264704624409,0.35504021437044037,2
-1.875260439372396,-3.688039925985194,2
-1.4502195618439133,1.037603046766789,0
-0.36300540528781045,2.1086939041902446,0
-0.5408538986654223,-0.496403665038523,0
-1.8255250287960572,1.23509314445404,0
-1.6979664571037822,0.3019341752064649,0
-0.4343207179857355,1.181408611677037,0
-0.15659949781089866,1.0434864259706813,0
-0.3016890164067742,0.8700419595147996,0
-1.3397352945433203,0.06169986814195011,0
-0.4995138087069427,-0.2717934446371177,0
0.03634932863406465,0.9526525396382295,0
-0.25263783360532216,1.2480279767123048,0
-0.7428677409767046,0.8133636894867251,0
-1.2879758001235952,-0.15375889808151336,2
-0.30853107859219714,0.5072395642434162,0
-1.9933562112086602,1.426069277571654,0
-0.8338362557450273,-1.59519301184184,2
-0.8141531211167402,0.16015611970054872,2
-0.2322826837503175,-1.6933284647492202,0
-0.6018791045519825,0.33071792815118195,2
-1.4963030955629961,1.373431635776053,0
-0.5479539610358136,0.09298661998056496,0
-1.1557155642044517,-0.3621632624789257,2
-0.5510102247970219,-0.3090955803405122,0
-0.5826090040172499,0.7810148792172007,0
-1.1021821238102614,-0.6962662774428331,0
-1.6772472006905228,0.5915675469175438,2
0.8844806469012165,0.5684008345342957,0
-1.4294766909762626,1.6758837083664397,0
-0.7623658437914533,1.1065213371002742,0
-1.3996613785738885,0.4724960386448624,0
-0.5412887958986826,1.2937604945305323,0
1.41521673477235,-0.31682164289006187,2
-0.4588338486347301,0.6763828321306206,0
-1.4663344249952188,1.4018595338379,0
-0.7691521370050168,0.6739306825374505,0
-1.2210290334338485,0.8473425478673844,0
-1.0592116725037901,-2.126496499168789,0
-0.3164054197957851,1.2369554068853392,2
-1.6580162772663853,-0.6299328457535642,0
0.6772278569944085,1.2793488625034148,0
-0.5841760943716984,-1.3909123049421643,2
-1.792262528946438,0.996301728808132,0
0.8703896041939195,0.44597836024461845,2
-1.0077634702655012,-0.9186864939639311,2
0.7044347331471722,-0.038788271194061016,2
-0.6643711365275616,0.3776116617256776,0
0.6205045053681989,-1.6136999955180826,0
-0.40259674936004375,0.25679792110798594,2
-0.5129907406295764,0.04955205234502098,0
1.0203627607807944,1.377220202517659,0
-0.9866906070222123,-0.5267205100658461,2
-0.47282788259286934,0.38679937831233,2
-1.1777100205822717,2.2817636202881335,0
-1.2654808160734363,1.2851455231587443,0
-0.6916646957073624,0.11152685318129159,2
1.1349982369025764,0.32329199852549656,0
-1.2961029485339504,-0.6501336929472721,2
-0.7606523059835599,1.0502947794656892,0
-1.6472988535650916,-1.2697291419985839,2
-0.5965925878145906,0.7597460584178231,0
0.21910596609930694,-1.852669270641788,2
-1.474743044874874,-1.3496983533749582,2
-1.2561941280750857,1.1252391847639938,0
-0.5216318499909363,-0.07681094426510074,2
-1.125209576647929,0.2803606124075877,2
-0.29834200913690717,-2.0741884954503083,2
0.1642976322283203,-0.8761045607390746,2
0.06164750144655943,0.7025976156288128,0
-0.19904416827767263,0.8052720274534697,2
-1.0923867415005546,1.373164620217673,0
-0.8684145188242018,-0.04608868762478348,2
-0.5169853395344997,0.8132898518978404,0
-1.0348203651538648,0.008196183155194102,0
0.5152488295122488,-1.33992982562407,2
-0.8116423863753467,-1.8792668635542755,2
-0.7780277666007301,0.9386078744497732,0
-0.7192678497700842,-0.3797433678375957,0
0.027628779111156212,-0.674153259516652,2
0.07170057941640727,0.49652799782953333,0
-0.48722548347887285,-1.4389240218844075,2
-0.45160849785378904,0.36405204141213005,0
-0.1298721070565343,1.2874290511824062,0
-0.1941805889264117,-1.1396122441293977,2
-0.27834188490912,0.8752859411758009,0
-1.8945100828405252,-0.5853173892897365,2
-0.334931538578974,-0.775888615652335,2
-1.5532871759539404,-1.0262813155453756,2
0.9580724573088912,-0.19698805803816222,2
-0.9780933711070134,0.520610105375638,2
-0.3093448633376007,-1.026954448163866,2
-0.9858740611433995,0.14373127297437022,2
0.6664170635277867,-0.4344264499469076,2
-0.2174707575084585,-0.47473995990207507,2
-0.7402684844089608,0.7252616065928594,0
0.9291632813282187,1.0714644955251995,0
-1.2252595962453026,0.7169807364149069,0
-1.0573240793850236,-0.13589732313424288,0
0.303950436113632,0.2752188739221402,0
-1.0423547677114677,1.6071964102432932,0
0.22930364806851755,1.6735935937086457,0
-0.6107988883028221,-2.395840676176655,2
-0.8223430363340581,0.619646514553119,0
-1.5864018801273807,-0.0013884692567311219,0
-0.3589016118817921,1.1560030320058607,0
-0.057603919276661295,-0.493802254438659,2
-0.16126708581795182,-0.2502438684484236,0
-0.9365373412994501,0.08762716888432083,2
-0.7488473162585985,-0.029052436597706625,0
-0.4630584930955947,-0.8519611534514133,2
0.01018568785543347,1.9401507484746063,0
-0.4264105879941484,-0.08649327925407785,2
-1.1034532110131494,0.41337878121015414,2
-0.6433400296517143,0.9399484291229145,0
-0.8248922053613622,0.08073826765945448,2
-0.823269855135176,1.2278865995764272,0
-0.8069139200194017,0.8707099673946973,0
-1.1264276247721556,-0.3980300721352899,0
-1.3058802550343855,-1.4338513136764348,0
-1.826029062685926,0.02954717337292262,2
1.1181533134407742,-0.8209754928381192,2
-1.8121642532783886,0.23045446266695005,0
-0.4153473080798117,-1.3878535408141346,2
-1.4427345266856653,0.41218408211663765,0
-1.1809981267673304,0.25298826486201814,0
-0.7042454123404213,-1.0716307335177793,2
0.380299041145418,1.7292889614075897,0
-1.7065517653491642,-1.314034588679108,0
-1.170966855191731,1.2333545218768243,0
0.20880431062014657,0.8361889715295365,0
0.06740078141407808,1.3338534761373781,0
0.10627265890071477,-0.4135314788712064,0
-0.03680271903986107,1.3513965070110734,0
-1.248260330370833,-1.6677096995354581,2
-0.2866904908247769,-1.3927752053531035,2
0.5804632711001741,1.4033272570785127,0
-0.8265798998737154,1.7257505935862736,0
-0.9604133344970578,0.5559534854117479,0
-1.608772471350649,-0.6047132773810812,2
0.38953848926796086,1.600448007875626,0
1.8790990206248983,-0.8949635293140314,1
0.5896250053860005,-0.3743166158471575,2
0.040568295615999714,1.248259845796913,0
-0.26688988821908677,-0.05380360493117641,2
-1.7567026859859276,-2.5789426411913565,2
-0.809047809415725,-0.8294238276953407,2
-0.4832089275491338,-0.2432318303820023,0
-0.3757223635286106,-0.019906229213322645,0
0.014465361263884528,1.3619540806053076,0
0.4284191749181752,0.7501405339718114,2
-0.42756244414520567,-1.039169186798615,2
-1.0848335882759856,0.9203114265133401,0
0.4317618950681656,0.6623664892607961,0
-0.9606813920380414,0.8786543945423383,0
-0.2841683180297294,0.31550463370684206,0
0.009024546142567052,-0.0851641897177284,2
-0.11552765464129969,0.3838454829352658,0
-1.1977712296001706,0.7995593002992382,0
-0.3742964122431915,-0.04027940930821473,0
0.6885674777710961,-0.7702700182609493,0
0.9160729978938924,-1.265647419603604,2
-0.015944037810330287,-0.4089635197981249,0
-0.2919576875548696,-0.42192658221953233,0
-0.9767639341749387,0.8354106513602158,2
-0.9767639341749387,0.8354106513602158,2
-1.0715718809633095,-0.8013519124021277,2
-1.6486762433806512,0.9189338182249137,0
-1.801998784516041,0.3475809342282888,0
-1.7665564688012847,0.5509266073182703,0
-0.016324761089843334,0.6956504550782189,0
0.1743550537381792,-1.1190041402255566,2
-1.2509121477964558,-0.07297834407971747,0
-1.3151562012055573,-0.09873917755108617,2
0.6085265446720027,1.266653443623163,0
-0.9612142985023863,0.3292182818054791,2
0.12330791989019468,1.0466115504950655,0
-0.8386823497835978,-1.0149649042781048,2
-0.48400785163413274,0.5203574744988413,2
0.28712017159692177,1.7321154918512953,0
0.41631399298957583,-1.5989488981276385,2
0.4150438350590074,-0.807321103799406,0
1.1627229975904476,0.790292414000769,1
-0.6130155033231459,0.5514089927627546,0
-0.8813577047053289,-0.06413771083628936,0
0.006291390228020688,0.3204705142699568,0
0.269558916178179,0.3245649400850637,2
-0.886874374602692,-0.10583994139256035,2
-0.8764837088526672,-1.8534371260271159,2
1.0556830600581832,-0.22901076016154964,2
-1.866242738625247,0.6549561430627782,0
-0.312528556706629,2.591925494212398,0
-1.4499366624018006,-1.7245889276292357,2
-1.2164489773973115,1.2259707004231397,0
0.8157060499329033,1.3599778835408864,0
-0.9824273619682258,-1.260483582061496,0
1.5117981889757124,0.757325340461404,1
-0.466415791684665,-0.9482352121931589,0
1.1821573992082315,0.020932083312941274,0
-0.27479214943782104,-2.113492960973123,0
-0.9143842481183769,-0.2618564432035458,0
0.30965312328859157,0.8731442973119374,0
-1.0893445537824313,-1.6212847978913794,0
1.32445554226935,-1.6083558765888586,1
-1.3011921778400928,-1.3911993092927737,2
0.16701099570753455,1.575778686530132,0
-0.8836358233633831,0.37345239949036063,0
-0.8890389454483867,-1.497733501159217,0
-0.5874099236361677,1.2169029203008999,0
0.6112790020132394,1.9228770730405857,0
-1.6000094814484407,1.7232541902398741,0
0.4684834921397833,0.30963887981912724,0
1.0951977515290672,-0.8036311680932873,1
-1.2544501994713626,0.4771458751430492,0
-0.3688019910762654,0.5949651281953194,0
-0.18182518819276888,0.9856160868519619,0
-0.9939635758522921,-0.7381127156213556,0
-0.24812644043869717,-0.48839310891693255,0
-1.7419393819534958,0.8631587910750032,0
0.39765771448798143,-1.279177307768293,0
-1.0802795407145662,-1.3447847806900421,2
-1.4251156514814327,1.7299730389292967,0
-1.759664450267472,0.32240811083435894,2
-0.3767554773791333,-0.6627621041612909,2
-0.3236012118148003,-2.2733881526379376,2
-1.7289685104901829,-0.7597153723286492,0
0.7803543811522138,-0.2302936128900374,2
0.4249322490674551,0.3352066379679259,0
1.0518786543985323,1.1971503101320282,0
-0.9111426963024123,-2.1461036089323424,2
0.1069363271032608,1.2202567045523403,0
-0.8064691777963257,0.5076846978346551,2
0.36686844041449995,-0.37497199104731643,0
-0.05893875560342774,-1.0713358055215467,0
0.0848687424635646,0.021560238025187365,2
-1.0414426689151388,-0.107522964506486,2
-1.1026542081548047,0.56425915166254,0
-0.7327729957917938,-2.0596359640974433,2
-0.12681056349558434,0.16346510013693977,0
-1.3464071202798247,0.6106019101963037,0
-0.12890976609258872,-0.16065016845710628,2
0.1286146480644937,-0.9891698699267648,0
-0.05452810202775369,0.6607075974112034,0
-1.2501712164382903,0.5335520973813771,0
0.22612066911124099,-1.7633082138081988,0
-0.6089791733348139,0.7765927480150437,0
-1.1842425554088962,1.5092092582194696,2
1.496338743273676,0.36327407553954216,1
-0.4995367475825452,-0.021862720563705005,2
-1.5184557144761248,-0.18550460687151027,0
-1.3377918806262052,-0.22800887763667887,2
0.3508188167166847,-0.5087683400390806,2
-1.2132265412930587,-0.49552416854506254,2
-0.8157866812345748,0.2784670030074134,2
-0.3342840006030063,0.4078310413475864,0
-0.7060988000689347,-0.9845321760005789,2
0.6892360655326609,2.1519907776244844,0
0.5078113738007112,0.6477268709446464,0
-0.28217708113913814,0.903564614800354,0
-1.3390831330538362,-0.516580351725006,0
-0.004236285902443801,-0.8407795389360712,2
-0.7912055328896975,0.998725540072975,0
1.078216712804339,-0.47366265953909603,2
-1.236172198120961,1.1624408135784539,0
0.19640975821172163,0.28458868312847474,2
0.44144001270100297,-1.3718952233279937,2
0.057322205459268,0.10744347588526112,2
0.5251843029050705,-0.011194273801620096,2
0.21489458444539833,-0.03714250325259909,2
-0.12764239032637842,1.0313680582240425,0
-0.9054064111911483,0.2747171411727375,0
1.1937805626822435,-0.8533566685172083,2
-1.0215550813393528,-0.06027392161103834,2
1.0181047314824279,-1.2043968177790383,0
-0.5728932603022509,-0.28708217278563913,2
0.15061316295525579,0.6937325341059147,0
1.3654856479221318,0.42677752104531047,1
-0.1616620925624575,-0.802114977624056,2
0.7780611915115045,0.3210374930107786,0
-0.8437903508358148,-1.905977955599399,2
0.9766026893653109,-0.6137253976921886,0
0.8688761094811299,-1.4159892171535409,2
-0.7778448128596123,0.46271352724532444,0
0.8070046875725927,1.3019393032379167,0
-0.013328062991413543,-0.03172439231868985,0
0.9896796293711132,0.9550946718734284,0
-0.07607208495733252,0.6859948514286592,0
0.7591953657957978,-0.9319131918610822,2
0.39694005023800744,0.028470756329983464,2
-0.019275312836586973,-1.4746344426567448,2
-0.4416536972636213,-0.5697582062186205,0
-1.097400104603347,-0.4635463871052151,0
-0.17487239620296047,0.33919388055443755,2
-0.5904187351760685,0.07964592115375017,2
-0.8558172515112791,0.1048752789514809,0
-0.3202358141148642,0.605449730057665,2
-0.477470002041189,-0.2625307655050659,2
-1.108785689794238,1.2378246551350618,0
-0.008864397362607806,1.6135729671210426,0
-0.5680016012312636,-2.5865680106734588,2
0.5699248362732492,-0.4723045077169604,0
-0.08394042329257805,0.08899082378372744,2
0.8099800278570818,1.18240156561706,0
-0.14844573255954419,1.4258950945698146,0
-0.015604663149955728,-0.22240388021135826,2
-0.2315132247599611,-0.9132733034063306,2
-0.3292422527598428,-1.8100011685503514,0
-1.053249625105684,-0.3673980464379816,2
0.11920097923584422,-0.47513446294938366,2
0.08816955457219432,1.2850096936874595,0
0.668228114386768,-0.8208513536405421,0
-0.3635034742858248,-1.4488508610943356,2
-0.2145682571841405,-0.8541546378446727,0
-0.2145682571841405,-0.8541546378446727,0
-1.3079006887017308,1.1559925375230382,0
-1.0489213899845493,-0.5418353508676074,2
-0.3610073534961556,0.8163937270348167,2
1.0035600845462587,0.4789594770090564,2
-1.0726168364132804,0.956479658732776,0
-0.1610117440678978,1.3866757963207674,0
0.002530289006299669,0.41767547964424345,0
-0.4798465196672844,-1.3425914951587425,2
0.7433171655167553,-0.49783054209874145,2
-0.14552910624782134,-0.5740355543423896,2
-0.14113256737979207,0.33656007680100436,0
0.3791690714811033,-0.6539746742547343,2
-0.45915052889324365,1.1596501904950463,0
0.904602627677019,-0.3238737876792236,2
0.6553822212448651,0.944915969346224,0
-1.2310253280342338,-1.3474701227320336,2
-0.347144375501985,-0.1842035420662337,0
0.09017216623175091,0.9690893201635127,0
-0.03869572019559374,0.7013523062839425,0
0.9240697465372912,-0.034047116892163116,0
-0.19153592711403764,-0.46899230872794406,0
0.48551688616645067,-1.1708748139571088,2
0.09043433223300233,1.0182378300401445,2
0.24640938582101207,-0.3423387531099375,2
-0.31716082763458775,-0.33516149926820027,2
0.4668308502904598,0.2590530015173988,0
0.44934301217629685,0.6795773732319879,0
-1.1798276862747104,0.43061788032634485,0
-0.9311316204025551,0.23661654343473257,0
-0.6191051649054582,0.3111993407676667,0
-0.6359401087912919,-0.7208918796878244,0
0.2613747662125734,-0.9707651905614614,2
1.3670897530360007,-1.9520943383987328,2
-0.3574633722069884,-2.3472350127888264,2
-0.7201445427139612,0.4261706877131075,0
-0.6629477129164936,0.4368899564156956,0
-0.3324233478729884,-0.951003656147527,0
0.6892461282651274,0.05122277730521886,0
-0.6989021361474917,0.5838575217908912,0
-0.8469683364100203,-0.742452830156062,2
-0.7341600008426095,-1.3255230482400226,0
-0.12888078139405162,-1.1184648759281877,2
-0.4725925031157132,-1.254673730647068,0
-0.4575278480914573,-1.8346632750313134,2
-0.14395678046808935,-0.36351636118242747,0
-0.8510160473768592,0.08674502857214843,2
0.5213714872253837,-0.35211771932070507,0
-0.12433787213076991,-0.689247615327202,0
-0.020381524304726503,1.3427354154538693,0
1.7929235830446477,0.010640515681173161,1
0.4375735537367513,-0.11199300569356539,0
-0.919084653105713,0.9142744525839805,0
-0.28534856095917654,-0.7765150647508995,0
0.7693769843397684,-0.24474659273900562,2
0.08919486554732813,1.084986992947471,0
0.41710103593012327,0.571972609519879,2
-1.4690124264664213,0.028100918816284213,0
-0.17738025023114928,1.1688049199611021,0
-0.1684807371653697,-2.6021726241335323,0
0.07673444180358462,-0.9060786604655686,2
1.570761760372088,-1.1543112810471756,1
0.10336399426776342,0.9092242860048508,0
-0.19676775333439978,0.010218095425901998,2
-0.4976204121166974,-0.380610701998559,0
1.4619307933039396,-1.3321735968969406,2
0.9388095569147213,-0.3072420485258786,0
-1.6799376817225797,0.9091505596709744,0
0.4783038649942893,0.23814891231810728,0
-1.11545544766334,0.34022089883136025,0
-0.47204065362370234,0.6001147926079913,0
0.20820810474249826,-0.8348616894234948,2
-0.3191568782072566,1.7213616203817965,0
-1.1696991199125495,-0.6924969512216917,0
1.015305337168162,0.30518191731683275,2
-0.051981250522368995,-1.2265049424577876,2
-1.3086415424852684,0.08018324911377145,2
1.7077798605017074,1.763278364925391,1
-0.5837863302775883,-0.020902019769505144,0
-1.3505216353213059,-0.7093933086225095,0
0.21468578098126254,-0.046347842986561756,2
-0.9587804954605508,0.6435341502159092,0
1.8131526243699743,-1.1397662022534079,1
0.2039567813346667,0.24114836772380213,0
-0.37410645573239254,1.428992966172223,0
-0.6583931877043405,1.6923391520086588,0
0.09379752055282398,0.7728475898017604,2
-1.1311298581354876,0.8485135379999815,0
-0.16152622882745352,0.22466525020896813,0
-0.5804333419001844,0.9671128652389981,0
0.49075351557032865,0.2480940363848246,0
-0.7155966170424597,0.5726619415202733,2
-0.04017595600717957,2.105818475170633,0
0.8599892724489085,1.8825765576175308,0
-1.1403099188329893,1.4066005639992751,0
-1.1324478274535168,0.11019876658562829,0
-0.6327047348257191,0.023260414831513202,0
-0.19529684201630185,-0.9756601007678419,2
-0.8643975457314185,0.9150290576328114,0
0.046678196746897264,0.043233846002673104,2
0.33667585224513547,-0.922243448209883,2
1.1655586664358522,1.0012562736480692,0
-0.3796205844602858,0.5066040368789594,2
-0.13322576180873552,-0.5747464715349035,2
-0.7134334900444274,1.4663852641996826,0
0.7625207153263709,1.457156276391168,0
-0.10036341554173617,-0.4314991500406542,2
2.2325997203334453,-0.20246629342441977,1
0.037611646393492106,-0.9296093401743784,2
-0.2534814272232902,1.6219233376725262,0
1.0463386312137883,1.9519267817491182,0
-0.9751203131237942,0.7614715983111664,0
2.104577803503204,0.7245357133648882,1
1.793671323365257,-0.3950157499668292,1
3.0198044093207637,0.7625949652432662,1
3.2337572809931565,0.2131824333605855,1
-0.4286285532881043,0.17260380856614382,0
3.234821456912322,0.38464432866179504,1
-0.37022384609405584,0.3330894944914169,0
1.4725531279104467,1.1346068515024677,1
0.20739683126244363,-0.949752477045225,0
-0.0695495542264257,0.9072345197855517,0
-0.9524938739000945,-0.4519100114120047,0
0.15814620527616277,-0.1701936984386564,2
2.5129503741256927,0.9944482916975732,1
2.3373314953435242,0.4312965022373374,1
2.231354097265365,-0.4167179582495224,1
-0.17905323965072104,-0.38694961457630295,0
2.871060874391413,0.3287155873695329,1
-0.6988245639919581,-0.091359547115469,0
-0.21068944430620148,-1.1811620705082333,2
-0.3280118851208168,-0.6778235347369764,2
0.6442818633589056,-0.6826797217451315,0
-0.6418879087402505,1.2299811759141688,2
-0.21250898663819023,0.2868817448914161,2
0.2730125203747796,0.9292187204004888,0
-0.09712948354049149,0.26648130366738626,2
-0.08002467686559053,0.633105806341179,0
-0.026127486077969456,-2.165128712866391,2
-0.4815293315669251,0.7963528187045931,0
0.06615528994006084,0.9805802457784588,0
0.48489365334935397,0.2684593921797951,0
-0.8476534427072653,-0.6526133580205604,0
-0.8723125594052322,-0.14292505224374213,0
-0.3671788637011731,-1.3585160161903294,2
0.09542749008933135,-0.12366153910315957,2
2.5357635714917373,-0.018105846322150412,1
0.3229144300488607,-1.8174705242673692,2
2.1542074361425825,-0.37866268512877416,1
2.353564340723617,-2.257789090223296,1
0.33884384548430657,1.441728990059386,0
2.353564340723617,-2.257789090223296,1
0.33884384548430657,1.441728990059386,0
2.8036198373837147,0.11762567630203626,1
1.6485829698894214,-0.9972657510954,1
1.2506134704169627,-0.5675513196429219,1
3.1944537048829234,1.0933554669460945,1
0.009796408227318285,0.30923877389490423,0
-0.8073019830818688,-1.370664797167121,0
-0.23197934210885912,-1.8133554715375897,2
3.3844670367629854,-0.12972857477313882,1
-0.36820866609229075,-0.8339594093054401,2
-0.4156656128069921,0.6433484372562657,0
-0.17537093849296387,-0.5202505062557701,0
-0.312049244906959,1.4133554821766576,0
0.020893628943504446,0.23640916935260467,2
3.084675614678755,0.7620956773643557,1
2.6279390174081807,0.03482370393320191,1
0.8675704365300954,-0.3803440857898884,0
2.0504888760917788,1.481308541426335,1
-1.0060228645432778,-0.027030562309949654,0
-0.25689099726588094,0.9537771547883109,0
-0.5335724537974216,-1.055015944424943,2
0.04997068099999299,-1.3336125710299336,2
-1.2019448707127514,0.9766880255291289,0
1.2458164032504702,-1.7465406781597974,1
0.13073183068128197,-1.1833049836348204,0
1.054293971867233,-1.5318109786725993,2
3.2686681763570435,0.9545573747688069,1
2.3558695781445986,-1.0713569103731937,1
-0.19219760877966033,-2.8903445170850204,0
-1.0495184612511332,0.5137812965850649,2
-0.25169982215446157,0.9540349234498469,2
0.13533027562982614,0.008026247272006846,0
-0.7810660866155261,-0.16182526842355618,0
-0.08413166993391313,0.4553085013121816,0
-0.8260904571977814,0.5589524077795072,2
0.7744179274993418,0.2556337449617406,2
-0.0665423265083055,1.1907681013085492,0
1.4553246286188382,1.0764676057160363,1
-0.8305310325633692,1.6214443253817836,0
-0.21197553637409267,-0.655179382507145,0
-0.02939020658256635,0.8034896331817208,2
2.9705801568495915,0.25470198644288283,1
-0.7307925534069288,0.5344748990342961,0
-0.6416111912661997,0.9176816915749971,0
1.8789908395630748,-0.9815847774739148,1
0.5700402837048599,-1.32838769611376,0
-0.6371179314151778,-1.8699288814488686,2
0.23196661522148343,0.38530487629474364,2
3.3561267634783154,-0.6628500458047033,1
-0.7154604552999457,0.2756340174002011,0
0.05086391338816124,0.5261047082336106,0
0.2183890585992473,0.12638016405719674,2
2.970325072400152,0.41647139042839715,1
0.26444376698743394,1.5306252118543486,0
0.6343124510641072,0.5014311680852074,2
-0.9964463196668958,-1.3149154942165002,2
-0.8605362452319113,0.6987870859095943,0
0.15170369582084142,0.6746928204066401,0
-0.19621056291149377,-1.7760691298241382,2
3.593055856753377,-0.3044825509337065,1
0.5860069744651119,0.2849134842163074,0
2.107295608302811,0.2871944235685228,1
-0.709939172947318,0.7574530647608428,0
0.025991672191688676,-0.9590396321778514,2
-0.9221183124883893,-1.537929335174318,2
0.8865838999063467,0.7012424534331009,0
-0.18012046191221692,-0.7953270057741043,0
3.139595755935835,1.442664724574563,1
-0.22712685482811257,1.1642738281275633,0
0.35673878848853874,-0.04077648420725029,2
0.5527425255148047,0.8338068412671967,2
1.017728333922551,0.4022839218532527,0
0.21338481798364664,-0.18471180049940072,2
2.922617796636263,0.7995218356872833,1
3.457423361295389,-1.358023239504983,1
3.4801825714304786,1.2742449541047578,1
-0.32256507827920644,-0.9348735455953822,2
1.4651585402557545,1.3813687498175742,1
3.1498723739978556,0.3624378636196115,1
-0.5681761380216648,0.8482286427407757,0
3.420276454057413,0.011185310150229395,1
-0.020256137745768638,-0.06698762355995048,2
-0.8242067781995746,-0.607091489992184,2
-1.1798437784148414,-1.740806321169782,2
1.6121247854117442,0.4446284990274649,1
0.006923204229297836,1.257578185138793,0
0.050029343398333856,-1.2612933131863209,0
-0.8232505018691713,-0.8690882484175735,2
0.6191601799812155,-0.14911602911962107,0
0.6275479831613289,0.9285668330804339,0
-0.18135148374695556,0.8395148810303511,0
-0.8515903629400904,0.7607004794711161,0
-0.07660332661876679,-1.5223136190433781,2
2.597354300282632,1.5111205599578341,1
0.03364704985202378,0.5725961783055211,0
-0.3109769427839371,0.949416551128629,0
2.651106095086992,-1.5269475279339144,1
0.5351915508420199,0.9096373059046254,0
0.34767457848123007,0.5877419294748615,0
-0.05054378446350992,-0.4755351046377466,0
3.5248693719558974,0.38681791008200367,1
-0.10847882452633253,0.7305165414566819,0
-0.10971716307819923,1.632366686373149,0
1.660579111120863,0.2905246782282027,1
2.8522180899600764,0.41461750815128795,1
1.2013413076736201,-1.6876405598420046,2
-0.9953882308018466,0.6968592978091895,0
0.03661258435838817,-0.4398764291167695,2
-0.5496562652456316,0.8009913694868156,2
0.460154159598151,-1.8852059701698194,2
-0.3550986085256577,0.2174860566199201,0
-0.8400848563643006,0.05297528884487904,2
0.4862236780444488,-0.6274276359599403,0
0.09855123242560608,0.4432620681296044,0
-0.8395452767467767,-0.359347180373283,0
3.720061811538679,-1.244815555683155,1
-0.26625303693706487,0.9723136441379883,0
0.07556716707847455,-2.102189122150132,2
-0.8033460257823121,-0.008201167721499479,2
0.36857442683504277,-0.5454092470030913,0
-0.016342234666277815,-0.034692086770418636,0
1.8430845621313088,1.9564253035779173,1
3.4549215966778957,1.6973448423739899,1
-0.09198304480946769,-1.6807738020218879,2
2.868890145899653,-0.31857474912904454,1
-0.11000785647748029,1.5547674277299492,2
-0.05787468606275476,2.583182665770106,0
1.2160495547771915,-1.147709444443859,2
-0.1356529322990654,0.1661334575173217,2
3.1557650367108527,-0.17157255508424163,1
3.0669300334355376,0.7516012947157724,1
0.344881886995887,-0.8949520667506679,2
-0.894026693934736,0.9603490398683251,0
2.504447564869163,-0.9490189621460917,1
2.190351881564187,0.5367469121636259,1
-0.6203572153086288,-1.0530315002447381,2
-0.4465765127803367,-0.850511116540511,2
-0.3176896847799565,-0.7334666308749286,0
-0.7777576283328027,0.7778149515505597,0
1.9655024216516594,1.9125569449461626,1
-0.22243081520216298,-0.6196857852055979,2
1.5982383778153977,-0.177023274198973,1
-0.2434354804342358,-0.26329616243575243,0
3.6339143289161027,-1.0691320976328285,1
-0.6672040186568101,0.21239700553128354,0
3.7717832211290934,-0.07252505561180746,1
0.31152833521504636,-1.3738313832697988,2
-0.6472395460864694,1.5004273448773455,0
2.8626526720989585,0.0730763570251454,1
-0.2505658765887647,-0.06276220168422768,0
0.14970852330877005,1.129094373274394,0
0.1667108041375669,-0.006841626615063092,0
3.492219149593951,-0.5466583749881456,1
-0.7082980014790088,-0.2918853664220596,0
-0.30410183123275925,0.3261012960073753,0
1.6804578891585789,-1.1186154371388728,1
0.18888535047844043,0.7157597188962938,0
-0.35289814255151997,0.10908239839922744,0
2.0687132501050325,0.06061891224862886,1
0.08685618264282445,0.033607505971759835,0
-0.8441995538621754,0.6127882989475973,2
0.8255608590765805,-0.9508208982408292,0
1.3653715480247914,-0.32974290562518366,1
-0.368396358049644,-1.5530819523395656,2
2.835483701314254,0.4514757187369527,1
2.590992692487936,1.7033740646755353,1
1.6018675609969455,-2.328466668120141,2
-0.1818712263250954,-0.15022539998182985,0
2.2351717503565625,-0.04200271341270963,1
0.5633940231192633,0.9117588615745387,0
-0.9715764406125127,-0.238744814907715,0
0.014846925050997852,-0.011950670367087688,2
-0.7619822250275354,-1.5701004119475828,2
-0.11566375387800291,-0.44272164536687686,2
3.092589426994351,-0.3834819745937391,1
0.5356015495217713,-0.7454606665454794,2
2.7797168695894423,-0.7609407266678702,1
-0.03959249899812106,1.3353467498558513,0
-0.13994708178655013,-0.11516925943223653,2
0.008204274668064988,0.09316337683756394,2
0.09862167016638171,-2.093095681127068,0
-0.15527613810892835,0.7914763289520663,2
2.5072258967349392,1.8236048092496369,1
-0.2704183872999992,-1.5726034569292673,2
0.04992071621950856,0.3487029215459382,0
-0.4590930233668445,-1.7630865797058084,2
-0.23392625554783622,0.2973192912735063,2
2.320670102724356,-0.6886989207050592,1
2.689640717089645,0.8106714415629171,1
-0.5040080241364283,0.19179812572542182,0
-1.0103747440198818,0.20671811023668424,0
1.7113570443065627,-0.8033971868117099,1
-0.03165075676760626,-0.4741181512896372,2
3.8258653265658173,0.3561338682675036,1
4.152742422587017,0.19500361793290819,1
0.6274450342971539,-1.2431251550756568,2
-0.46306461080992595,1.1442301973124012,2
-0.47816413332162233,0.5018376593368153,0
-0.5215248649762725,-0.6513601258631415,0
-0.30584265850439407,-1.0687768653438783,2
0.7357966342387606,-0.6566264771572589,2
3.3448948349958765,0.9982295965997268,1
3.6691549123248905,-1.1832316523929918,1
0.6748407032907323,-0.3955567407213413,2
-0.6285042510987415,0.5003490360652288,0
0.3977118890443004,0.462054463518274,0
-0.6413457082501569,0.06956521861972277,0
-0.24930157367097858,0.8078585236791828,2
-0.7146140477879372,0.048533258185954734,2
1.350539981898656,0.43979909983572085,1
1.0865348151517757,2.3594805919830595,0
-0.19410201552844833,-2.164826570507048,0
1.3024767679337526,-1.8310955346503035,2
-0.04942572086106883,1.9936198580215567,0
3.259278955622356,-0.41114415190623765,1
2.3860639989144654,0.6397565294229722,1
4.036948478144503,0.557047030951318,1
-0.06541852758639384,-0.5056973384461749,2
2.822807117667758,-0.6459443674967814,1
2.447797121634905,-0.047209047324837404,1
0.3523665771324695,0.5056390709043301,0
-0.6471942863173182,-1.8877561294681453,2
0.13653162815703976,2.3143018836722233,0
-0.722146115067983,-1.1892876927507428,2
0.3193977757330851,0.2516032782641862,2
-1.2588654681456375,0.2407569644726567,2
1.2403414923868399,1.2286335063181566,0
0.15216558178784328,-0.11332225473212638,0
-0.4628541403539289,0.9390099502192831,0
0.081524872081753,0.3298146686683753,0
2.859711054137589,1.3099861461160078,1
-0.5280010318895358,-0.8826414259707215,2
1.1548510716810534,-0.20063991093629396,2
-0.4373678214668746,-1.4405489832046332,2
4.087969405877297,0.09211637527869032,1
1.9681622842716546,-0.8690846658508719,1
1.8372187495313963,-0.3601021469315091,1
0.3332364985072197,-0.7261033589105209,2
-0.47721468848816156,-0.7337643462974278,0
0.6370101009734872,0.11625614424409432,2
0.46274090276694446,1.0062111080719305,0
0.3102246774358339,-1.2007825065264095,2
0.4337227106079335,0.8926288350898767,0
3.032264722245297,-0.16992314937309183,1
3.2694721444007016,-0.17439611177280118,1
0.45541511471425494,1.5232912380707437,0
0.23873953003618467,1.616321751434034,0
0.36783394638669575,-2.3544981645215017,2
0.11385135737524808,0.30378610924136484,2
-0.1676958404002664,0.0275187512457769,0
2.2612912757106014,-0.12033542989916479,1
0.7051901643486497,-0.649148274138761,2
0.4263642500064676,0.2941256491774882,2
0.7621939431674335,0.03196099705201999,0
1.8551497333415192,0.3380431314003677,1
3.0763697463633752,0.8017901011441343,1
0.9929833780350688,1.714485515499151,0
2.8274563851201626,0.05531918056687429,1
-0.4288151884596752,1.31212964932226,0
1.0417284794624915,-1.2460834320216927,0
2.4802088226191916,-2.0073878590105823,1
0.7080836814773451,-0.03892633763387992,0
1.7544931448010403,-2.118846813431399,1
1.1293999333807587,0.8564691584434989,0
2.389782922929567,1.019967518399196,1
1.4837203034790112,1.242909420255544,1
2.8861315765401163,-0.22006665661951177,1
4.24433673669925,1.2218460266366,1
2.6419044113691266,0.6447346160215688,1
0.5094446448139133,-0.02777800036964367,0
3.191032249855064,1.31897550405489,1
0.04455136508992178,2.613139152359009,0
2.0770741971070046,0.03570536035740202,1
2.882701706554919,1.8479454005093965,1
4.210880163081519,-0.11447442976597398,1
1.1429669071504667,0.24355026243321867,0
1.2031488787890938,-0.4624437147102787,1
2.430240021062352,0.505647800920982,1
-0.1266783489628462,-0.9726014077420916,2
1.0089927526935623,1.1529088174321562,0
0.8595446889756808,-0.022124778427434485,0
3.092944483350992,0.246710450863717,1
0.8229001305468676,0.4482955022616411,0
1.2154573613723159,-2.5235957857853295,2
2.228278703569616,1.0128733901012412,1
-0.8597288275982827,0.1091941025576859,2
0.8289162166798043,-0.4776228910155522,2
0.9921983090559556,0.8734221871555893,0
3.6140674762680707,0.1631036626854531,1
0.10247909520495287,-1.3014563567210695,2
4.076298087435183,-0.45476485634430797,1
0.03197970026796953,0.43398967202719435,0
-0.7721939348786697,-0.04091446800826437,0
1.8639989661130643,0.721770323408926,1
0.2097749459973103,0.7544838647356247,0
0.48976502627888424,-1.3477556151389767,2
3.7134471162988474,0.7541303090832733,1
0.1151903059135558,-0.9886151729218878,0
2.9658694381385398,-0.2892052704186663,1
2.569652763617256,0.524089589540496,1
3.3650077064516974,-1.5846941570977366,1
-0.6471852099902236,-0.9072879848636165,0
3.2528811362669567,0.806798313472285,1
-0.6632683383553457,-0.20967358831505054,2
0.8248695166381509,1.1092014014746505,0
2.471902941349513,-1.6445512997815872,1
1.7305606014438575,-0.8242787095286725,1
0.8533542342715613,-0.1699296413462641,2
0.9615512429536286,-3.7005001307987273,2
0.6149295757045411,-0.03123699471232366,2
1.9602602810904266,-0.11319562814386351,1
0.42822959536761845,0.49892974522111727,2
-0.30765642891242245,-0.9287098241786488,0
0.5055854564690123,-0.48108027728405434,2
2.7847355882610736,0.563182271622271,1
2.6897405462598076,-1.2839851709024104,1
-0.6346355435871421,0.44551403647282345,0
2.4223787568666064,1.9287225034257924,1
0.8917318560217261,0.7702531168115092,0
0.36851221688206154,0.867625069217717,0
1.1109217456946723,-0.1904981458258575,0
0.08312473208010553,-0.5683799909795215,0
2.0008112050773095,0.3517774356368392,1
0.8393615842770303,0.7911101876714925,0
4.406852041536882,0.935913440608399,1
3.744570713999356,-0.31383974291976,1
0.5817561506903699,0.5538936487221672,0
1.5466282617929015,-0.8684653080153054,1
0.30891374598393295,-0.09911910804117118,0
2.461257372983354,0.7472542211028192,1
2.433795913636075,0.770699296833097,1
2.031206882129338,-0.06847575332446919,1
5.229692213019791,0.17906417262717572,1
0.7033934019159912,0.8123437513600984,0
-0.23623665049998335,1.2350734331106077,0
3.384086475983432,-1.2929790849989453,1
2.2750566407202286,1.0341122178680682,1
2.383344584338995,0.647410298680115,1
0.7992536703251091,-1.34997289537836,2
0.9590757780436963,-1.3358895458615985,2
2.4247495807038755,0.6211389854378205,1
0.04562422824941418,1.1146378410746411,0
0.29899695299337564,-1.1863515647059157,0
2.6436720852393223,-1.165032732678229,1
3.3830385956622564,0.44952738967394057,1
0.23744241394712795,-0.19028057765884251,0
2.515294010201816,0.781649432915432,1
-0.007751881091742372,1.246056171243945,0
3.0733057254959575,0.03816011632413219,1
1.0447314457002124,0.4403812768236592,0
1.0447314457002124,0.4403812768236592,0
-0.6724468198479888,-0.288310921342095,2
4.7483503694137505,-0.966851439113192,1
3.242290751321397,-0.786881492106539,1
0.923531882031995,-0.17608700148253664,0
2.712064350776588,0.44056148476177853,1
-0.4222934329714134,-0.18906696554931623,0
3.593875912766392,0.06425960191015297,1
3.494847804924228,-0.967842188469085,1
1.5055813455724325,0.39772038749447874,1
4.497068771950061,-1.4119414219584712,1
5.290624387699112,-0.0031033685534835958,1
1.8741655745031036,-0.519739042473391,1
0.9591331301077487,-0.14656662465480882,2
-0.5292687454861303,1.0051794593005725,0
3.0397542862760605,0.721881154924072,1
5.123649966268538,0.3086458809880396,1
3.2149130352813753,0.052534599790338324,1
2.6275335504117043,-0.20589551288927022,1
-0.49240946703644095,-0.9174708567827992,2
1.999555685661537,1.1735872028717582,1
3.4239879210063617,-0.6442212379564002,1
-0.5166067456390987,1.1938826253013068,0
3.0855291608645086,1.6694145595526697,1
2.5357316168375075,0.06326993283402113,1
4.853910334822309,-0.8032595114449363,1
2.788086215842021,0.30461400727671334,1
4.368734979133375,-0.8970882852894901,1
2.493332927007076,0.7256666330386787,1
0.6547224055746445,0.29425460300058,2
1.5023410138694067,0.0342612706233367,1
1.5023410138694067,0.0342612706233367,1
-0.11061861080804596,0.4202352867730809,0
0.7529692208561005,-2.608262498573442,0
2.1167379493863696,-0.6004586198668482,1
3.9446102185633336,-0.4140484736513098,1
1.4244054739568328,-0.8252286681234269,2
0.12873450080007776,-0.0786085444825426,2
2.2234685098457434,1.3433610161668452,1
1.918149226986774,-1.7182068940937112,1
-0.9287100149660482,-0.4407610953671228,0
0.5056573755322289,1.3688360422935737,0
1.0033764294073049,-1.2605673027816373,0
4.021909136364935,-2.606814911380807,1
0.9742050808492824,0.5453737435296219,2
5.223026301751297,0.05642528804913429,1
0.04465981754761181,-0.9627651366552697,2
5.026379860933007,0.7408133401180343,1
2.5936951998247246,-0.09228957190719785,1
1.1433935125292558,0.4999773961501843,2
1.340118072619121,-0.24577378280115383,2
5.799282250578699,0.7702835920843468,1
-0.3841136463408911,-0.5109099384686823,0
5.631126351973809,0.7319520957609582,1
0.6301286376508973,-0.3835439816880863,0
1.9974629727825086,1.0465497275403794,1
3.1391624237726248,-1.0694413268264715,1
1.3795170107407468,1.3573976679952497,0
5.553121483526542,2.051917317824981,1
-0.18772351356597786,-0.18178116855312243,0
0.06649068127697381,0.5500052925201099,0
3.1460001571865943,-0.9855683265210908,1
3.1298846667932287,0.050837295593019874,1
5.625924828579484,-0.43831054969864514,1
1.7615782128263267,0.17816094185023312,1
0.943085353777899,-0.6242774617979824,2
2.277686411267044,-1.389803913237013,1
0.2673480327989301,-1.0719354743839824,0
0.8906234289873267,-3.097854147778972,2
4.532681694501475,-0.46163720518069384,1
3.7724837958869353,-0.3903832413452726,1
0.445095470841336,-1.9059064286994807,2
-0.0876809221994653,0.9361023282520388,0
2.5842931624746,-0.2635541778019199,1
2.0376506820250397,2.6045110742624153,1
3.0973393387486334,0.38185333048784126,1
0.5478800403264863,0.5894960163906567,0
2.879793963586634,-0.7937042976952067,1
2.246164907009593,-0.838315912314345,1
3.6105374085113597,-0.41770954516119824,1
3.2445972265721528,1.626059911235298,1
2.8808602551154636,0.8946576580461139,1
3.2194564849380263,0.8616196239750469,1
3.806672547979726,0.46835064083431704,1
4.754269754625277,0.39625732252080903,1
0.6068925168942637,-1.3851884374813541,2
2.3706116798175656,-1.073584731849535,1
1.1567394884244875,-1.9958646758551484,2
1.7388053493607922,-2.045626518609438,1
2.752964358370381,-0.5699723272151537,1
1.0814815875877695,1.54380834748095,0
1.0850678322781824,-0.9451545595242389,0
3.0026957108815093,-0.7828468132817923,1
0.6815140386586882,0.2712726383238725,0
1.8266292573275116,0.8076852821364624,1
0.4437075901506842,0.5610988058613251,0
2.324145469754635,-0.25320648720943545,1
1.5824638310077854,0.6890858824165371,1
2.727526009932371,-0.6802351004212406,1
4.122242245495111,0.8352523818011629,1
4.274090516956675,0.03541414551314577,1
3.483160082037258,-0.5563318554581033,1
4.093216984188123,-0.9921792591404858,1
1.0699214152259044,-0.3704248231853431,0
0.056354942518834376,-1.6070890752487599,2
0.3278527469473201,0.6629855997616677,0
2.3807356839084006,0.7782716547629636,1
1.8021087383311656,-0.4146770982182201,1
5.311928721407486,0.19896926122746758,1
6.301748210721496,1.6967493367732582,1
1.0399840566388943,-1.1583168465166656,2
3.2434136632484294,0.4494513667248268,1
4.160827488395179,-0.9524472526614438,1
3.1842593063152367,1.6751814762822004,1
0.930239328599621,-0.5215623179092658,0
1.3897365737727614,-0.08680223677798281,1
3.6559746023735404,2.1209242795067196,1
1.9751448281539987,1.3746157427845709,1
5.249966364876427,0.9867883687360927,1
4.033096287001554,1.1662312293499406,1
3.4915775999661367,-1.82288609027542,1
3.257903826222779,0.9740864300596105,1
-0.19989818788158958,0.9873229341670456,0
6.2591830271175795,-1.0442145856682419,1
0.12197210177661097,-1.2345882763698799,2
3.5394973938161343,1.208515297616579,1
0.8967225832328872,0.8580304129821675,2
4.323417750432027,-0.5297536532797505,1
2.8354875446541077,-0.40785327708254926,1
0.32807704802543036,-0.283828633651211,2
0.9258463116455147,0.7660129979299446,0
3.520448402443779,-0.009715593492298013,1
3.0344028196061292,-0.9494550828663324,1
0.9049120682204403,-0.7011878832480508,2
3.5379588099120456,1.5426621343820734,1
4.237681630821957,1.031296811001568,1
4.191142199935029,0.06242445185488812,1
-0.26639859946885025,1.2340505072045873,2
-0.17344555223227173,-1.8620450854601762,2
-0.052372989960335126,1.0563014692996588,0
1.480227128402805,-0.21010726393517665,1
0.88997986936733,-1.082335379342868,0
1.2039237728945822,-2.788542035978974,1
1.009901946117123,1.1667385667573722,0
2.9112851831594404,-3.069479577585295,1
1.3020320743708211,-0.6704846863243412,2
5.998498140589109,-0.32864193869791786,1
5.96122324261622,-1.4091447405507354,1
0.09733148132230417,-0.9173799555788087,2
0.8630726268365777,1.1601882484456443,0
6.321632832549245,1.3748721377742195,1
-0.47044493840028556,-0.08166647811591765,0
2.3690168625703687,0.7242157080121653,1
-0.14656540490652925,1.088529095144735,0
-0.45394834366634335,-1.5530595287462678,2
3.115948485301767,-0.09180084176945381,1
4.195640355497058,1.7123875419353403,1
4.676723351968809,-0.45487047767739097,1
2.573075833625971,-1.0075967877186098,1
3.155257934764114,-1.2029449745047254,1
0.30319567881950166,0.14099118757919082,0
3.4816679966406174,-2.12366472560606,1
1.3994996299258513,-1.1288210815442727,2
3.5386458295274656,0.45049169911073655,1
-0.14002655751303686,0.3228680217183769,0
-0.05651768803005121,-0.9884992028660678,2
3.1188528158760684,0.4185582285133406,1
1.7945369596478598,-1.8086100245529604,1
0.9952242484441288,0.3294783050821504,0
2.6782828576439153,-1.0632340900480421,1
5.787904000073274,-1.8779113454783272,1
3.1798867035445304,0.4637386374680807,1
0.5888465852336987,-0.6206629978585841,2
1.3396237723544813,-0.371507482301917,2
1.7630608918838302,1.4042896088637797,1
